model_type,wd,jsd,corr_diff,acc,auc,f1
ae,0.031457582124292637,0.027902541859042253,6.828015110725495,24.9675,0.6058633009449397,0.4739538676851749
dae,0.02860416122151772,0.027902541859042253,2.756913201558323,0.07750000000000057,0.30449656573036904,0.34969752861103504
ee,0.03963876250355396,0.08616739095099966,6.747518886238879,8.797500000000003,0.5914849361561714,0.39056691233010515
vae,0.04310408742816482,0.027902541859042253,22.512002049841247,24.99,0.4454491753628227,0.47414182707133956
