model_type,wd,jsd,corr_diff,acc,auc,f1
ae,0.16266307018952772,0.4053280592074857,3.0298424806569635,9.55,0.26353168018682405,0.35874856950576706
dae,0.1633576071568454,0.407817001934809,2.9887816737314385,10.749999999999996,0.24772279452433638,0.33502798968913833
ee,0.1620280706186548,0.40859805926350745,3.0353613018445365,8.991666666666664,0.25088005853613576,0.35375286605640854
vae,0.16248649234437818,0.4085525769142639,3.0471420719436253,10.516666666666662,0.27256752396755163,0.36515947480843747
