model_type,wd,jsd,corr_diff,acc,auc,f1
ae,0.08422760484736021,0.10656056579906671,6.22753160721584,37.504999999999995,0.4070358449194068,0.4139459216296743
dae,0.2024380784808344,0.17931820441155635,7.561782631933043,76.82666666666667,0.4065440211846204,0.7952890298374274
ee,0.10798298603662303,0.1513453959560226,6.718948581933373,36.42166666666667,0.3702901837228328,0.42668105472307355
vae,0.10804245502726266,0.15138746946965545,6.74747641811448,37.21000000000001,0.38759151825400995,0.4316827033153334
