model_type,wd,jsd,corr_diff,acc,auc,f1
ae,0.07204097609388141,0.2036780836633919,12.999826745200302,56.245000000000005,0.6523003057728314,0.648200250711775
dae,0.243021670677071,0.48895225691684246,13.508765139062861,55.69833333333333,0.2462118542221908,0.6390401543337224
ee,0.07044448809825483,0.22631022746892918,12.156620303242759,30.30999999999999,0.25586581846740064,0.40450078055912175
vae,0.09548541937511601,0.31294130415197124,14.916755920576007,42.96000000000001,0.25444954788627117,0.5855652116190793
