model_type,wd,jsd,corr_diff,acc,auc,f1
ae,0.073994,0.388588,2.298657,18.574074,0.319739,0.284054
dae,0.11546687173190547,0.5469848529634483,2.616620605024122,9.344444444444445,0.27407102754384316,0.3288789188418547
ee,0.11137425788417003,0.4553355527503246,4.624599604373407,9.971296296296302,0.2871998266365502,0.31559566716383947
vae,0.07361790712199456,0.49531884079555905,7.46718070004129,10.61944444444444,0.5742487678025642,0.3346502180340663
